{
  "project_info": {
    "project_number": "84696741231",
    "project_id": "entrenamientopersonalizado-gym",
    "storage_bucket": "entrenamientopersonalizado-gym.firebasestorage.app"
  },
  "client": [
    {
      "client_info": {
        "mobilesdk_app_id": "1:84696741231:android:ae86f001aaa0fe0d80e49a",
        "android_client_info": {
          "package_name": "com.entrenamientopersonalizado.gym"
        }
      },
      "oauth_client": [],
      "api_key": [
        {
          "current_key": "AIzaSyBqSNAMX0CBGugb9T3b0-8P17VAzk70k5o"
        }
      ],
      "services": {
        "appinvite_service": {
          "other_platform_oauth_client": []
        }
      }
    }
  ],
  "configuration_version": "1"
}